,Cluster Label,Pallets,DeliveryCost,Minimum_Pallets_Month,total_costs_minimum,min_pallets_%,min_cost_%
0,0,163.071942133,7736.97,89.591754274,4450.0,54.94001794675982,57.51605602710105
1,1,719.42363556,31053.9,423.152230512,5400.0,58.81822748047719,17.389120207123742
2,2,525.619663609,24810.45,398.92257554599996,5400.0,75.89567194022483,21.76502239983555
3,3,386.425434404,16275.18,206.837085246,4450.0,53.52574308805874,27.34224752045753
4,4,303.860579954,12971.47,197.343371918,4450.0,64.9453680197263,34.3060578330752
