,Cluster Label,Pallets,Courier Cost (Current),Courier Cost per Pallet (Current),Median_Pallets_Day,in-house trucks cost (Model),Pallets delivered by in-house trucks (Model),Remaining Pallets (Model),Courier Cost Remaining Pallets (Model),Partial Replacement Model Total Cost,"Pallets delivered by in-house trucks, % total",cost saving £,cost saving %
0,0,199.31015148947694,9456.296666666667,47.44513310535482,8.538113109233446,4450,193.8739216147353,5.4362298747416276,257.92264999842286,4707.9226499984225,97.2724771748374,4748.374016668245,50.21388587993656
1,1,879.2955545708712,37954.76666666667,43.16497049185015,36.90256062265554,9850,744.9049593952631,134.39059517560815,5800.966075137305,15650.966075137305,84.7161066063622,22303.800591529365,58.764162054821476
2,2,642.4240333036275,30323.883333333335,47.20228659160611,27.406308668639227,8900,565.0866653542687,77.33736794935885,3650.5006061861295,12550.50060618613,87.9616322023857,17773.382727147204,58.61182926927412
3,3,472.2977531694607,19891.88666666667,42.11725872752448,20.882298286665286,5400,429.67668752740684,42.62106564205385,1795.0824488891863,7195.082448889187,90.97580597069633,12696.804217777482,63.82905970932276
4,4,371.3851532676769,15854.018888888888,42.68888712808091,16.235938689396328,5400,365.7912877481178,5.593865519559131,238.79589377412339,5638.795893774123,98.49378321391127,10215.222995114764,64.43301895063333
