,Cluster Label,Pallets,Courier Cost (Current),Courier Cost per Pallet (Current),in-house trucks cost (Model),Pallets delivered by in-house trucks (Model2),Remaining Pallets (Model2),Courier Cost Remaining Pallets (Model2),Partial Replacement Model Total Cost,"Pallets delivered by in-house trucks, % total",cost saving £,cost saving %
0,0,199.31015148947694,9456.296666666667,47.44513310535482,4450.0,193.8739216147353,5.4362298747416276,257.92264999842286,4707.9226499984225,97.2724771748374,4748.374016668245,50.21388587993656
1,1,879.2955545708712,37954.76666666667,43.16497049185015,5400.0,522.1751239174324,357.1204306534388,15415.092851192503,20815.0928511925,59.385620819187835,17139.67381547417,45.158158831541144
2,2,642.4240333036275,30323.883333333335,47.20228659160611,5400.0,510.5134023686222,131.91063093500532,6226.483405873703,11626.483405873703,79.46673472711431,18697.39992745963,61.658989127248866
3,3,472.2977531694607,19891.88666666667,42.11725872752448,4450.0,296.20013901908754,176.09761415037315,7416.748776471041,11866.748776471042,62.71470423718293,8025.137890195627,40.34377444771767
4,4,371.3851532676769,15854.018888888888,42.68888712808091,4450.0,290.2140705284585,81.17108273921843,3465.103189118612,7915.103189118612,78.14369206064785,7938.915699770276,50.075099288131774
