Cluster Label,Minimum_Pallets_Day,3.5-tonne Van (2),7.5-tonne LGV (14),18-tonne HGV (24),3.5_tonne_standing_costs,7.5_tonne_standing_costs,18_tonne_standing_costs,3.5_tonne_running_costs,7.5_tonne_running_costs,18_tonne_running_costs,Total_costs_month
0,4.072352466433782,0.0,1.0,0.0,0.0,1250.0,0.0,0.0,3200.0,0.0,4450.0
1,19.234192296081112,0.0,0.0,1.0,0.0,0.0,1800.0,0.0,0.0,3600.0,5400.0
2,18.132844342672833,0.0,0.0,1.0,0.0,0.0,1800.0,0.0,0.0,3600.0,5400.0
3,9.401685694479813,0.0,1.0,0.0,0.0,1250.0,0.0,0.0,3200.0,0.0,4450.0
4,8.970153268363413,0.0,1.0,0.0,0.0,1250.0,0.0,0.0,3200.0,0.0,4450.0
Total,59.81122806803095,0.0,3.0,2.0,0.0,3750.0,3600.0,0.0,9600.0,7200.0,24150.0
